circuit_graph_label,circuit,graph_x,graph_y,rank,configs_tied_for_best_routing,best_routing_steps,mean_routing_steps,median_routing_steps,sample_count,best_run_count,best_duration_seconds,mean_duration_seconds,magic_high,magic_low,cnot_high,cnot_low,mapped_gaussian_weight,base_gaussian_weight,weight_config
bb84_n8-100x100,bb84_n8,100,100,1,1,15.0,15.0,15.0,2,2,88.558224,320.5839685,1.5,0.5,1.5,0.5,0.8,1.0,M 1.5/0.5 | C 1.5/0.5 | G 0.8/1
bigadder_n18_transpiled-100x100,bigadder_n18_transpiled,100,100,1,1,161.0,161.0,161.0,1,1,88.173231,88.173231,1.5,0.5,1.5,0.5,0.8,1.0,M 1.5/0.5 | C 1.5/0.5 | G 0.8/1
continuous_3_17_13-100x100,continuous_3_17_13,100,100,1,1,19.0,19.0,19.0,4,4,20.165842,149.39398749999998,1.5,0.5,1.5,0.5,0.8,1.0,M 1.5/0.5 | C 1.5/0.5 | G 0.8/1
dnn_n16-100x100,dnn_n16,100,100,1,1,72.0,72.0,72.0,1,1,282.701468,282.701468,1.5,0.5,1.5,0.5,0.8,1.0,M 1.5/0.5 | C 1.5/0.5 | G 0.8/1
example-100x100,example,100,100,1,1,51.0,51.0,51.0,3,3,32.141556,122.350331,1.5,0.5,1.5,0.5,0.8,1.0,M 1.5/0.5 | C 1.5/0.5 | G 0.8/1
ghz_state_n23-100x100,ghz_state_n23,100,100,1,1,23.0,23.0,23.0,1,1,570.903999,570.903999,1.5,0.5,1.5,0.5,0.8,1.0,M 1.5/0.5 | C 1.5/0.5 | G 0.8/1
parallel-100x100,parallel,100,100,1,1,69.0,69.0,69.0,1,1,89.767277,89.767277,1.5,0.5,1.5,0.5,0.8,1.0,M 1.5/0.5 | C 1.5/0.5 | G 0.8/1
qaoa_n6-100x100,qaoa_n6,100,100,1,1,34.0,34.0,34.0,1,1,54.515536,54.515536,1.5,0.5,1.5,0.5,0.8,1.0,M 1.5/0.5 | C 1.5/0.5 | G 0.8/1
qft_20-100x100,qft_20,100,100,1,1,102.0,102.0,102.0,1,1,454.042346,454.042346,1.5,0.5,1.5,0.5,0.8,1.0,M 1.5/0.5 | C 1.5/0.5 | G 0.8/1
